{
  "type": "Topology",
  "arcs": [
    [
      [7876, 36],
      [18, -6],
      [-17, -30],
      [-1, 36]
    ],
    [
      [8853, 3791],
      [-42, 46],
      [37, 77],
      [79, -36],
      [7, -14],
      [-34, -81],
      [-14, -24],
      [-33, 32]
    ],
    [
      [8852, 3360],
      [2, 0],
      [-16, 84],
      [-6, 30],
      [-134, 76],
      [-54, 91],
      [78, 105],
      [169, -110],
      [1, 3],
      [39, 85],
      [122, 6],
      [-10, 95],
      [40, -15],
      [-4, -69],
      [78, -10],
      [34, 151],
      [149, -10],
      [81, 165],
      [64, -102],
      [-44, -153],
      [212, 65],
      [62, -35],
      [4, -94],
      [-38, -37],
      [-53, 28],
      [-13, -57],
      [-189, -155],
      [0, -52],
      [-116, 19],
      [-22, -19],
      [-14, -12],
      [-8, -7],
      [-35, -77],
      [-11, -25],
      [-1, -2],
      [45, -28],
      [19, -152],
      [1, -6],
      [40, -14],
      [24, 79],
      [154, -94],
      [15, 71],
      [96, 41],
      [-29, 99],
      [7, 24],
      [87, -28],
      [47, 44],
      [41, -70],
      [59, 21],
      [110, -51],
      [-41, -86],
      [-32, -16],
      [-46, 5],
      [-1, -30],
      [-7, -128],
      [0, -2],
      [96, -36],
      [0, -156],
      [-91, -38],
      [13, -124],
      [-111, 23],
      [-123, 140],
      [-106, -53],
      [-36, 69],
      [-167, 40],
      [-36, 2],
      [-1, -15],
      [-12, -139],
      [-37, 7],
      [-181, 204],
      [29, 69],
      [9, 21],
      [5, 13],
      [-56, 37],
      [-27, -114],
      [-13, -4],
      [-57, -7],
      [-38, 40],
      [-8, 14],
      [55, 235],
      [-67, 24],
      [0, 12],
      [4, 95]
    ],
    [
      [8958, 3391],
      [24, 0],
      [35, 1],
      [10, 41],
      [6, 25],
      [2, 6],
      [-15, 1],
      [-78, 7],
      [-19, 2],
      [0, -20],
      [-19, -18],
      [19, -16],
      [0, -29],
      [35, 0]
    ],
    [
      [8529, 4497],
      [38, -81],
      [-87, 6],
      [-75, -120],
      [177, -15],
      [6, -15],
      [-75, -64],
      [56, -83],
      [0, -2],
      [-168, -26],
      [-86, 1],
      [-30, -20],
      [-33, -5],
      [65, 384],
      [79, 63],
      [133, -23]
    ],
    [
      [187, 5754],
      [6, -3],
      [39, -23],
      [33, -20],
      [93, 19],
      [86, -63],
      [1, 1],
      [65, 71],
      [14, 14],
      [33, -20],
      [-84, -66],
      [40, -41],
      [-85, -51],
      [-203, 45],
      [-126, -56],
      [-99, 43],
      [38, 74],
      [130, 32],
      [19, 44]
    ],
    [
      [1171, 5828],
      [-3, 19],
      [10, -15],
      [-7, -4]
    ]
  ],
  "transform": {
    "scale": [0.00023572400603925583, 0.00022305507097656935],
    "translate": [70.876053, 19.459169]
  },
  "objects": {
    "dnh-and-dd": {
      "type": "GeometryCollection",
      "geometries": [
        {
          "arcs": [[[0]], [[1]], [[2], [3]]],
          "type": "MultiPolygon",
          "properties": {
            "dt_code": "496",
            "district": "Dadra and Nagar Haveli",
            "st_code": "26",
            "year": "2011_c",
            "st_nm": "Dadra and Nagar Haveli and Daman and Diu"
          }
        },
        {
          "arcs": [[4]],
          "type": "Polygon",
          "properties": {
            "dt_code": "495",
            "district": "Daman",
            "st_code": "26",
            "year": "2011_c",
            "st_nm": "Dadra and Nagar Haveli and Daman and Diu"
          }
        },
        {
          "arcs": [[[5]], [[6]]],
          "type": "MultiPolygon",
          "properties": {
            "dt_code": "494",
            "district": "Diu",
            "st_code": "26",
            "year": "2011_c",
            "st_nm": "Dadra and Nagar Haveli and Daman and Diu"
          }
        }
      ]
    }
  },
  "crs": {
    "type": "name",
    "properties": {
      "name": "urn:ogc:def:crs:OGC:1.3:CRS84"
    }
  }
}
