{
  "Compiled from State Govt. numbers": "Compiled from State Govt. numbers",
  "Maharashtra": "Maharashtra",
  "Gujarat": "Gujarat",
  "Delhi": "Delhi",
  "know more": "know more",
  "Madhya Pradesh": "Madhya Pradesh",
  "Rajasthan": "Rajasthan",
  "Tamil Nadu": "Tamil Nadu",
  "Uttar Pradesh": "Uttar Pradesh",
  "Andhra Pradesh": "Andhra Pradesh",
  "Telangana": "Telangana",
  "West Bengal": "West Bengal",
  "Jammu and Kashmir": "Jammu and Kashmir",
  "Karnataka": "Karnataka",
  "Punjab": "Punjab",
  "Kerala": "Kerala",
  "Mahe native who expired in Kannur included in Kerala's tally": "Mahe native who expired in Kannur included in Kerala's tally",
  "Bihar": "Bihar",
  "Haryana": "Haryana",
  "Odisha": "Odisha",
  "Jharkhand": "Jharkhand",
  "Chandigarh": "Chandigarh",
  "Uttarakhand": "Uttarakhand",
  "Assam": "Assam",
  "Includes one case from Nagaland": "Includes one case from Nagaland",
  "Chhattisgarh": "Chhattisgarh",
  "Himachal Pradesh": "Himachal Pradesh",
  "HP has 4 Migrated cases which are reduced from Active #. Also, death of Tibetan refugee is included in deceased numbers, but not in confirmed": "HP has 4 Migrated cases which are reduced from Active #. Also, death of Tibetan refugee is included in deceased numbers, but not in confirmed",
  "Andaman and Nicobar Islands": "Andaman and Nicobar Islands",
  "Ladakh": "Ladakh",
  "Meghalaya": "Meghalaya",
  "Puducherry": "Puducherry",
  "Goa": "Goa",
  "Manipur": "Manipur",
  "Tripura": "Tripura",
  "Arunachal Pradesh": "Arunachal Pradesh",
  "Mizoram": "Mizoram",
  "Total": "Total",
  "Select Language": "Select Language",
  "State/UT": "State/UT",
  "States/UTS Affected": "States/UTS Affected",
  "We stand with everyone fighting on the frontlines": "We stand with everyone fighting on the frontlines",
  "Mumbai": "Mumbai",
  "Thane": "Thane",
  "Nashik": "Nashik",
  "Palghar": "Palghar",
  "Aurangabad": "Aurangabad",
  "Nagpur": "Nagpur",
  "Solapur": "Solapur",
  "Yavatmal": "Yavatmal",
  "Raigarh": "Raigarh",
  "Jalgaon": "Jalgaon",
  "Ahmadnagar": "Ahmadnagar",
  "Pune": "Pune",
  "Akola": "Akola",
  "Amravati": "Amravati",
  "Satara": "Satara",
  "Sangli": "Sangli",
  "Other States": "Other States",
  "Dhule": "Dhule",
  "Hingoli": "Hingoli",
  "Buldana": "Buldana",
  "Kolhapur": "Kolhapur",
  "Latur": "Latur",
  "Nandurbar": "Nandurbar",
  "Ratnagiri": "Ratnagiri",
  "Nanded": "Nanded",
  "Parbhani": "Parbhani",
  "Osmanabad": "Osmanabad",
  "Jalna": "Jalna",
  "Chandrapur": "Chandrapur",
  "Washim": "Washim",
  "Sindhudurg": "Sindhudurg",
  "Gondiya": "Gondiya",
  "Bid": "Bid",
  "Bhandara": "Bhandara",
  "District-wise numbers are under reconciliation": "District-wise numbers are under reconciliation",
  "Ahmadabad": "Ahmadabad",
  "Surat": "Surat",
  "Vadodara": "Vadodara",
  "Anand": "Anand",
  "Rajkot": "Rajkot",
  "Gandhinagar": "Gandhinagar",
  "Panch Mahals": "Panch Mahals",
  "Bhavnagar": "Bhavnagar",
  "Bharuch": "Bharuch",
  "Banas Kantha": "Banas Kantha",
  "Botad": "Botad",
  "Aravalli": "Aravalli",
  "Patan": "Patan",
  "Mahisagar": "Mahisagar",
  "Chota Udaipur": "Chota Udaipur",
  "Narmada": "Narmada",
  "Mahesana": "Mahesana",
  "Kachchh": "Kachchh",
  "Navsari": "Navsari",
  "Kheda": "Kheda",
  "Valsad": "Valsad",
  "Dahod": "Dahod",
  "Sabar Kantha": "Sabar Kantha",
  "Porbandar": "Porbandar",
  "Gir Somnath": "Gir Somnath",
  "Dang": "Dang",
  "Tapi": "Tapi",
  "Surendranagar": "Surendranagar",
  "Morbi": "Morbi",
  "Jamnagar": "Jamnagar",
  "Central Delhi": "Central Delhi",
  "West Delhi": "West Delhi",
  "South Delhi": "South Delhi",
  "North Delhi": "North Delhi",
  "Shahdara": "Shahdara",
  "South West Delhi": "South West Delhi",
  "South East Delhi": "South East Delhi",
  "East Delhi": "East Delhi",
  "New Delhi": "New Delhi",
  "North West Delhi": "North West Delhi",
  "North East Delhi": "North East Delhi",
  "Indore": "Indore",
  "Bhopal": "Bhopal",
  "Ujjain": "Ujjain",
  "Jabalpur": "Jabalpur",
  "Khargone": "Khargone",
  "Raisen": "Raisen",
  "Dhar": "Dhar",
  "Hoshangabad": "Hoshangabad",
  "Khandwa": "Khandwa",
  "Dewas": "Dewas",
  "Barwani": "Barwani",
  "Mandsaur": "Mandsaur",
  "Ratlam": "Ratlam",
  "Morena": "Morena",
  "Vidisha": "Vidisha",
  "Agar Malwa": "Agar Malwa",
  "Shajapur": "Shajapur",
  "Sagar": "Sagar",
  "Gwalior": "Gwalior",
  "Chhindwara": "Chhindwara",
  "Sheopur": "Sheopur",
  "Shahdol": "Shahdol",
  "Harda": "Harda",
  "Alirajpur": "Alirajpur",
  "Tikamgarh": "Tikamgarh",
  "Shivpuri": "Shivpuri",
  "Rewa": "Rewa",
  "Other Region": "Other Region",
  "Anuppur": "Anuppur",
  "Dindori": "Dindori",
  "Burhanpur": "Burhanpur",
  "Betul": "Betul",
  "Ashoknagar": "Ashoknagar",
  "Jaipur": "Jaipur",
  "Kota": "Kota",
  "Ajmer": "Ajmer",
  "Tonk": "Tonk",
  "Nagaur": "Nagaur",
  "Bharatpur": "Bharatpur",
  "Banswara": "Banswara",
  "Evacuees": "Evacuees",
  "Jhunjhunu": "Jhunjhunu",
  "Jhalawar": "Jhalawar",
  "Bikaner": "Bikaner",
  "Jodhpur": "Jodhpur",
  "Bhilwara": "Bhilwara",
  "Jaisalmer": "Jaisalmer",
  "Chittaurgarh": "Chittaurgarh",
  "Dausa": "Dausa",
  "Churu": "Churu",
  "Pali": "Pali",
  "Dhaulpur": "Dhaulpur",
  "Hanumangarh": "Hanumangarh",
  "Alwar": "Alwar",
  "Udaipur": "Udaipur",
  "Sawai Madhopur": "Sawai Madhopur",
  "Sikar": "Sikar",
  "Dungarpur": "Dungarpur",
  "Karauli": "Karauli",
  "Rajsamand": "Rajsamand",
  "Pratapgarh": "Pratapgarh",
  "Other state": "Other state",
  "Italians": "Italians",
  "Barmer": "Barmer",
  "Baran": "Baran",
  "Chennai": "Chennai",
  "Coimbatore": "Coimbatore",
  "Tiruppur": "Tiruppur",
  "Madurai": "Madurai",
  "Chengalpattu": "Chengalpattu",
  "Dindigul": "Dindigul",
  "Erode": "Erode",
  "Tirunelveli": "Tirunelveli",
  "Thiruvallur": "Thiruvallur",
  "Namakkal": "Namakkal",
  "Thanjavur": "Thanjavur",
  "Viluppuram": "Viluppuram",
  "Tiruchirappalli": "Tiruchirappalli",
  "Nagapattinam": "Nagapattinam",
  "Theni": "Theni",
  "Karur": "Karur",
  "Ranipet": "Ranipet",
  "Tenkasi": "Tenkasi",
  "Virudhunagar": "Virudhunagar",
  "Salem": "Salem",
  "Thiruvarur": "Thiruvarur",
  "Cuddalore": "Cuddalore",
  "Thoothukkudi": "Thoothukkudi",
  "Kancheepuram": "Kancheepuram",
  "Vellore": "Vellore",
  "Tirupathur": "Tirupathur",
  "Ramanathapuram": "Ramanathapuram",
  "Kanniyakumari": "Kanniyakumari",
  "Sivaganga": "Sivaganga",
  "Tiruvannamalai": "Tiruvannamalai",
  "The Nilgiris": "The Nilgiris",
  "Perambalur": "Perambalur",
  "Kallakurichi": "Kallakurichi",
  "Ariyalur": "Ariyalur",
  "Pudukkottai": "Pudukkottai",
  "Dharmapuri": "Dharmapuri",
  "Agra": "Agra",
  "Lucknow": "Lucknow",
  "Saharanpur": "Saharanpur",
  "Gautam Buddha Nagar": "Gautam Buddha Nagar",
  "Firozabad": "Firozabad",
  "Moradabad": "Moradabad",
  "Kanpur Nagar": "Kanpur Nagar",
  "Meerut": "Meerut",
  "Ghaziabad": "Ghaziabad",
  "Varanasi": "Varanasi",
  "Bulandshahr": "Bulandshahr",
  "Rae Bareli": "Rae Bareli",
  "Aligarh": "Aligarh",
  "Hapur": "Hapur",
  "Bijnor": "Bijnor",
  "Shamli": "Shamli",
  "Sant Kabir Nagar": "Sant Kabir Nagar",
  "Amroha": "Amroha",
  "Basti": "Basti",
  "Rampur": "Rampur",
  "Muzaffarnagar": "Muzaffarnagar",
  "Sitapur": "Sitapur",
  "Sambhal": "Sambhal",
  "Budaun": "Budaun",
  "Baghpat": "Baghpat",
  "Mathura": "Mathura",
  "Auraiya": "Auraiya",
  "Etah": "Etah",
  "Bahraich": "Bahraich",
  "Jaunpur": "Jaunpur",
  "Bareilly": "Bareilly",
  "Azamgarh": "Azamgarh",
  "Mahrajganj": "Mahrajganj",
  "Kannauj": "Kannauj",
  "Banda": "Banda",
  "Ghazipur": "Ghazipur",
  "Shrawasti": "Shrawasti",
  "Prayagraj": "Prayagraj",
  "Mainpuri": "Mainpuri",
  "Hathras": "Hathras",
  "Kheri": "Kheri",
  "Jhansi": "Jhansi",
  "Sultanpur": "Sultanpur",
  "Pilibhit": "Pilibhit",
  "Mirzapur": "Mirzapur",
  "Kasganj": "Kasganj",
  "Jalaun": "Jalaun",
  "Unnao": "Unnao",
  "Siddharthnagar": "Siddharthnagar",
  "Kaushambi": "Kaushambi",
  "Hardoi": "Hardoi",
  "Gorakhpur": "Gorakhpur",
  "Gonda": "Gonda",
  "Etawah": "Etawah",
  "Bhadohi": "Bhadohi",
  "Shahjahanpur": "Shahjahanpur",
  "Mau": "Mau",
  "Kanpur Dehat": "Kanpur Dehat",
  "Deoria": "Deoria",
  "Bara Banki": "Bara Banki",
  "Balrampur": "Balrampur",
  "Ayodhya": "Ayodhya",
  "Kurnool": "Kurnool",
  "Guntur": "Guntur",
  "Krishna": "Krishna",
  "S.P.S. Nellore": "S.P.S. Nellore",
  "Chittoor": "Chittoor",
  "Y.S.R.": "Y.S.R.",
  "Anantapur": "Anantapur",
  "West Godavari": "West Godavari",
  "Prakasam": "Prakasam",
  "East Godavari": "East Godavari",
  "Visakhapatnam": "Visakhapatnam",
  "Srikakulam": "Srikakulam",
  "Hyderabad": "Hyderabad",
  "Nizamabad": "Nizamabad",
  "Jogulamba Gadwal": "Jogulamba Gadwal",
  "Vikarabad": "Vikarabad",
  "Ranga Reddy": "Ranga Reddy",
  "Medchal Malkajgiri": "Medchal Malkajgiri",
  "Adilabad": "Adilabad",
  "Warangal Urban": "Warangal Urban",
  "Nirmal": "Nirmal",
  "Suryapet": "Suryapet",
  "Karimnagar": "Karimnagar",
  "Nalgonda": "Nalgonda",
  "Kamareddy": "Kamareddy",
  "Mahabubnagar": "Mahabubnagar",
  "Khammam": "Khammam",
  "Sangareddy": "Sangareddy",
  "Kumuram Bheem Asifabad": "Kumuram Bheem Asifabad",
  "Medak": "Medak",
  "Bhadradri Kothagudem": "Bhadradri Kothagudem",
  "Rajanna Sircilla": "Rajanna Sircilla",
  "Jayashankar": "Jayashankar",
  "Jangoan": "Jangoan",
  "Jagitial": "Jagitial",
  "Peddapalli": "Peddapalli",
  "Nagarkurnool": "Nagarkurnool",
  "Mulugu": "Mulugu",
  "Narayanpet": "Narayanpet",
  "Mancherial": "Mancherial",
  "Siddipet": "Siddipet",
  "Mahabubabad": "Mahabubabad",
  "Kolkata": "Kolkata",
  "Howrah": "Howrah",
  "North 24 Parganas": "North 24 Parganas",
  "Medinipur East": "Medinipur East",
  "South 24 Parganas": "South 24 Parganas",
  "Hooghly": "Hooghly",
  "Paschim Bardhaman": "Paschim Bardhaman",
  "Kalimpong": "Kalimpong",
  "Nadia": "Nadia",
  "Jalpaiguri": "Jalpaiguri",
  "Darjeeling": "Darjeeling",
  "Murshidabad": "Murshidabad",
  "Purba Bardhaman": "Purba Bardhaman",
  "Bandipore": "Bandipore",
  "Srinagar": "Srinagar",
  "Baramula": "Baramula",
  "Kupwara": "Kupwara",
  "Shupiyan": "Shupiyan",
  "Anantnag": "Anantnag",
  "Jammu": "Jammu",
  "Badgam": "Badgam",
  "Udhampur": "Udhampur",
  "Ganderbal": "Ganderbal",
  "Kulgam": "Kulgam",
  "Pulwama": "Pulwama",
  "Samba": "Samba",
  "Rajouri": "Rajouri",
  "Reasi": "Reasi",
  "Ramban": "Ramban",
  "Kishtwar": "Kishtwar",
  "Kathua": "Kathua",
  "Bengaluru": "Bengaluru",
  "Mysuru": "Mysuru",
  "Belagavi": "Belagavi",
  "Kalaburagi": "Kalaburagi",
  "Vijayapura": "Vijayapura",
  "Bagalkote": "Bagalkote",
  "Mandya": "Mandya",
  "Chikkaballapura": "Chikkaballapura",
  "Bidar": "Bidar",
  "Ballari": "Ballari",
  "Dakshina Kannada": "Dakshina Kannada",
  "Dharwad": "Dharwad",
  "Davanagere": "Davanagere",
  "Tumakuru": "Tumakuru",
  "Bengaluru Rural": "Bengaluru Rural",
  "Uttara Kannada": "Uttara Kannada",
  "Udupi": "Udupi",
  "Kodagu": "Kodagu",
  "Gadag": "Gadag",
  "Chitradurga": "Chitradurga",
  "Jalandhar": "Jalandhar",
  "Amritsar": "Amritsar",
  "S.A.S. Nagar": "S.A.S. Nagar",
  "Ludhiana": "Ludhiana",
  "Patiala": "Patiala",
  "Pathankot": "Pathankot",
  "Shahid Bhagat Singh Nagar": "Shahid Bhagat Singh Nagar",
  "Firozpur": "Firozpur",
  "Tarn Taran": "Tarn Taran",
  "Mansa": "Mansa",
  "Kapurthala": "Kapurthala",
  "Hoshiarpur": "Hoshiarpur",
  "Sangrur": "Sangrur",
  "Moga": "Moga",
  "Faridkot": "Faridkot",
  "Rupnagar": "Rupnagar",
  "Sri Muktsar Sahib": "Sri Muktsar Sahib",
  "Gurdaspur": "Gurdaspur",
  "Fazilka": "Fazilka",
  "Fatehgarh Sahib": "Fatehgarh Sahib",
  "Bathinda": "Bathinda",
  "Barnala": "Barnala",
  "Kasaragod": "Kasaragod",
  "Kannur": "Kannur",
  "Malappuram": "Malappuram",
  "Kozhikode": "Kozhikode",
  "Idukki": "Idukki",
  "Thiruvananthapuram": "Thiruvananthapuram",
  "Kollam": "Kollam",
  "Ernakulam": "Ernakulam",
  "Kottayam": "Kottayam",
  "Pathanamthitta": "Pathanamthitta",
  "Thrissur": "Thrissur",
  "Palakkad": "Palakkad",
  "Alappuzha": "Alappuzha",
  "Wayanad": "Wayanad",
  "Munger": "Munger",
  "Buxar": "Buxar",
  "Patna": "Patna",
  "Nalanda": "Nalanda",
  "Rohtas": "Rohtas",
  "Siwan": "Siwan",
  "Kaimur Bhabua": "Kaimur Bhabua",
  "Madhubani": "Madhubani",
  "Gopalganj": "Gopalganj",
  "Bhojpur": "Bhojpur",
  "Begusarai": "Begusarai",
  "Sitamarhi": "Sitamarhi",
  "Saran": "Saran",
  "Gaya": "Gaya",
  "West Champaran": "West Champaran",
  "East Champaran": "East Champaran",
  "Darbhanga": "Darbhanga",
  "Bhagalpur": "Bhagalpur",
  "Nawada": "Nawada",
  "Lakhisarai": "Lakhisarai",
  "Jehanabad": "Jehanabad",
  "Arwal": "Arwal",
  "Vaishali": "Vaishali",
  "Banka": "Banka",
  "Madhepura": "Madhepura",
  "Sheikhpura": "Sheikhpura",
  "Purnia": "Purnia",
  "Araria": "Araria",
  "Faridabad": "Faridabad",
  "Nuh": "Nuh",
  "Gurugram": "Gurugram",
  "Palwal": "Palwal",
  "Jhajjar": "Jhajjar",
  "Sonipat": "Sonipat",
  "Panchkula": "Panchkula",
  "Ambala": "Ambala",
  "Panipat": "Panipat",
  "Sirsa": "Sirsa",
  "Karnal": "Karnal",
  "Rohtak": "Rohtak",
  "Hisar": "Hisar",
  "Yamunanagar": "Yamunanagar",
  "Bhiwani": "Bhiwani",
  "Kurukshetra": "Kurukshetra",
  "Kaithal": "Kaithal",
  "Jind": "Jind",
  "Fatehabad": "Fatehabad",
  "Charki Dadri": "Charki Dadri",
  "Khordha": "Khordha",
  "Jajapur": "Jajapur",
  "Bhadrak": "Bhadrak",
  "Baleshwar": "Baleshwar",
  "Sundargarh": "Sundargarh",
  "Kendrapara": "Kendrapara",
  "Kalahandi": "Kalahandi",
  "Balangir": "Balangir",
  "Puri": "Puri",
  "Koraput": "Koraput",
  "Kendujhar": "Kendujhar",
  "Jharsuguda": "Jharsuguda",
  "Dhenkanal": "Dhenkanal",
  "Debagarh": "Debagarh",
  "Cuttack": "Cuttack",
  "Ranchi": "Ranchi",
  "Bokaro": "Bokaro",
  "Palamu": "Palamu",
  "Hazaribagh": "Hazaribagh",
  "Garhwa": "Garhwa",
  "Simdega": "Simdega",
  "Jamtara": "Jamtara",
  "Dhanbad": "Dhanbad",
  "Deoghar": "Deoghar",
  "Kodarma": "Kodarma",
  "Godda": "Godda",
  "Giridih": "Giridih",
  "Dehradun": "Dehradun",
  "Pauri Garhwal": "Pauri Garhwal",
  "Almora": "Almora",
  "Udham Singh Nagar": "Udham Singh Nagar",
  "Haridwar": "Haridwar",
  "Nainital": "Nainital",
  "Golaghat": "Golaghat",
  "Morigaon": "Morigaon",
  "Goalpara": "Goalpara",
  "Dhubri": "Dhubri",
  "Bongaigaon": "Bongaigaon",
  "Nalbari": "Nalbari",
  "Karimganj": "Karimganj",
  "Other State": "Other State",
  "Lakhimpur": "Lakhimpur",
  "Kamrup Metropolitan": "Kamrup Metropolitan",
  "Kamrup": "Kamrup",
  "South Salmara Mancachar": "South Salmara Mancachar",
  "Cachar": "Cachar",
  "Hailakandi": "Hailakandi",
  "Korba": "Korba",
  "Raipur": "Raipur",
  "Surajpur": "Surajpur",
  "Rajnandgaon": "Rajnandgaon",
  "Durg": "Durg",
  "Bilaspur": "Bilaspur",
  "Solan": "Solan",
  "Chamba": "Chamba",
  "Kangra": "Kangra",
  "Una": "Una",
  "Sirmaur": "Sirmaur",
  "Hamirpur": "Hamirpur",
  "South Andaman": "South Andaman",
  "North and Middle Andaman": "North and Middle Andaman",
  "Leh": "Leh",
  "Kargil": "Kargil",
  "East Khasi Hills": "East Khasi Hills",
  "Mahe": "Mahe",
  "North Goa": "North Goa",
  "South Goa": "South Goa",
  "Imphal West": "Imphal West",
  "Imphal East": "Imphal East",
  "North Tripura": "North Tripura",
  "Gomati": "Gomati",
  "Lohit": "Lohit",
  "Aizawl": "Aizawl",
  "Confirmed": "Confirmed",
  "District": "District",
  "Active": "Active",
  "Demographics": "Demographics",
  "Deep Dive": "Deep Dive",
  "State": "State",
  "Essentials": "Essentials",
  "About": "About",
  "Search your city, resources, etc": "Search your city, resources, etc",
  "Recovered": "Recovered",
  "Deceased": "Deceased",
  "Spread Trends": "Spread Trends",
  "Cumulative": "Cumulative",
  "Scale Modes": "Scale Modes",
  "Uniform": "Uniform",
  "Daily": "Daily",
  "Logarithmic": "Logarithmic",
  "Checked by default to scale uniformly.": "Checked by default to scale uniformly.",
  "All States": "All States",
  "Nagaland": "Nagaland",
  "Dadra and Nagar Haveli": "Dadra and Nagar Haveli",
  "Sikkim": "Sikkim",
  "Daman and Diu": "Daman and Diu",
  "Lakshadweep": "Lakshadweep",
  "Beginning": "Beginning",
  "Tested": "Tested",
  "Month": "Month",
  "Weeks": "Weeks",
  "Tested chart is independent of uniform scaling": "Tested chart is independent of uniform scaling",
  "[04-May]<br>\n- Cases updated as per WB bulletin as it provides total number of cases.<br>\n- Extra cases added to 03 May<br>\n- Deaths due to comorbidities added to total deceased<br>\n- Zones updated as per WB bulletin<br>": "[04-May]<br>\n- Cases updated as per WB bulletin as it provides total number of cases.<br>\n- Extra cases added to 03 May<br>\n- Deaths due to comorbidities added to total deceased<br>\n- Zones updated as per WB bulletin<br>",
  "One active case in KA reduced as a confirmed patient died of non-CoViD19 related reasons": "One active case in KA reduced as a confirmed patient died of non-CoViD19 related reasons",
  "India": "India",
  "Map": "Map",
  "Hover": "Hover",
  "state/UT": "state/UT",
  "Last updated": "Last updated",
  "Total Cases": "Total Cases",
  "Cases per million": "Cases per million",
  "Based on 2019 population projection by NCP (": "Based on 2019 population projection by NCP (",
  "report": "report",
  "As of": "As of",
  "Home": "Home",
  "A crowdsourced initiative.": "A crowdsourced initiative.",
  "Testing Pune": "Testing Pune",
  "Delhi Shelter": "Delhi Shelter",
  "Community Kitchen in Kerala": "Community Kitchen in Kerala",
  "Groceries Chennai": "Groceries Chennai",
  "Senior citizen support bangalore": "Senior citizen support bangalore",
  "Locations": "Locations",
  "ago": "ago",
  "": [""],
  "Cases from other States/UTs": ["Cases from other States/UTs"],
  "Reconciled as per MH bulleting 24/04": [
    "Reconciled as per MH bulleting 24/04"
  ],
  "over a": "over a",
  "district": "district",
  "for more details": "for more details",
  " Last updated": " Last updated",
  "Zones": "Zones",
  "- Cases updated as per WB bulletin as it now provides total number of cases.<br>\n- Deaths due to comorbidities added to total deceased<br>\n- Zones updated as per WB bulletin<br>": "- Cases updated as per WB bulletin as it now provides total number of cases.<br>\n- Deaths due to comorbidities added to total deceased<br>\n- Zones updated as per WB bulletin<br>",
  "Based on 2019 population projection by NCP": "Based on 2019 population projection by NCP",
  "Ahmedabad": "Ahmedabad",
  "Banaskantha": "Banaskantha",
  "Panchmahal": "Panchmahal",
  "Mehsana": "Mehsana",
  "Chhota Udaipur": "Chhota Udaipur",
  "Sabarkantha": "Sabarkantha",
  "Kutch": "Kutch",
  "Devbhumi Dwarka": "Devbhumi Dwarka",
  "Junagadh": "Junagadh",
  "Visit state page": "Visit state page",
  "Raigad": "Raigad",
  "Ahmednagar": "Ahmednagar",
  "Buldhana": "Buldhana",
  "Beed": "Beed",
  "Gondia": "Gondia",
  "Kanyakumari": "Kanyakumari",
  "Nilgiris": "Nilgiris",
  "Krishnagiri": "Krishnagiri",
  "Chittorgarh": "Chittorgarh",
  "Dholpur": "Dholpur",
  "Panna": "Panna",
  "Satna": "Satna",
  "Maharajganj": "Maharajganj",
  "Lakhimpur Kheri": "Lakhimpur Kheri",
  "Barabanki": "Barabanki",
  "Mahoba": "Mahoba",
  "Amethi": "Amethi",
  "Kushinagar": "Kushinagar",
  "Y.S.R. Kadapa": "Y.S.R. Kadapa",
  "Ferozepur": "Ferozepur",
  "Purba Medinipur": "Purba Medinipur",
  "Paschim Medinipur": "Paschim Medinipur",
  "Birbhum": "Birbhum",
  "Malda": "Malda",
  "Komaram Bheem": "Komaram Bheem",
  "Jagtial": "Jagtial",
  "Jangaon": "Jangaon",
  "Jayashankar Bhupalapally": "Jayashankar Bhupalapally",
  "Bandipora": "Bandipora",
  "Baramulla": "Baramulla",
  "Shopiyan": "Shopiyan",
  "Budgam": "Budgam",
  "Bengaluru Urban": "Bengaluru Urban",
  "Haveri": "Haveri",
  "Charkhi Dadri": "Charkhi Dadri",
  "Kaimur": "Kaimur",
  "Katihar": "Katihar",
  "Samastipur": "Samastipur",
  "Sheohar": "Sheohar",
  "Jajpur": "Jajpur",
  "Balasore": "Balasore",
  "Ganjam": "Ganjam",
  "Deogarh": "Deogarh",
  "Dumka": "Dumka",
  "Koderma": "Koderma",
  "Kabeerdham": "Kabeerdham",
  "Kokrajhar": "Kokrajhar",
  "South Salmara Mankachar": "South Salmara Mankachar",
  "Mandi": "Mandi",
  "Shimla": "Shimla",
  "Dhalai": "Dhalai",
  "Unknown": "Unknown"
}
